수요미식회,서대문양꼬치,20170322,"2017. 3. 22. 20:32
	",(연남동 맛집)[서대문 양꼬치] 수요미식회 중국 냄새 물씬 풍기는 중국식 요리
수요미식회,서대문양꼬치,20170322,2017. 4. 12. 0:00,[연남동 / 서대문양꼬치] 수요미식회 양고기전골 맛집  
수요미식회,서대문양꼬치,20170322,2017. 4. 21. 16:17,[마포구 연남동 맛집] 수요미식회 중식로드 맛집 중국 느낌 충만 서대문양꼬치!
수요미식회,서대문양꼬치,20170322,"2017. 4. 17. 14:44
	",요즘 먹은것들 (3)가로수길카페/와인/연남 서대문양꼬치/홍대 아오이토리/스벅/삼성역 파크하얏트
수요미식회,서대문양꼬치,20170322,2017. 3. 18. 12:39,연남동 맛집 서대문 양꼬치 - 수요미식회 중식로드 
수요미식회,서대문양꼬치,20170322,"2017. 4. 17. 0:59
	",연남동 서대문양꼬치
수요미식회,서대문양꼬치,20170322,2017. 3. 22. 21:37,수요미식회 연남동 - 서대문양꼬치 : 양고기전골 넘나 맛있는 것
수요미식회,서대문양꼬치,20170322,"2017. 3. 22. 20:00
	","수요미식회 연남동 서대문양꼬치 - 사천식 양고기 전골, 돼지고기 가지요리"
수요미식회,서대문양꼬치,20170322,"2017. 2. 20. 8:10
	",연남동 맛집/서대문양꼬치
수요미식회,서대문양꼬치,20170322,"2017. 4. 1. 10:56
	",연남동 수요미식회나온 서대문양꼬치
수요미식회,서대문양꼬치,20170322,"2017. 4. 6. 8:20
	",[홍대/연남동] 서대문 양꼬치
수요미식회,서대문양꼬치,20170322,"2017. 2. 26. 0:20
	",<연남동 맛집> 서대문 양꼬치
수요미식회,서대문양꼬치,20170322,2017. 3. 2. 8:30,"연남동 중국집 : 서대문 양꼬치, 사천요리 맛있게 하는 집"
수요미식회,서대문양꼬치,20170322,"2017. 4. 16. 11:16
	",4월 둘째주(feat.서대문양꼬치&동남방앗간)
수요미식회,서대문양꼬치,20170322,2017. 4. 5. 19:14,연남동 #서대문양꼬치
수요미식회,서대문양꼬치,20170322,"2017. 4. 20. 15:50
	","17-03 흥부자(금요일, 맛따라멋따라, 연남동 서대문양꼬치, 연남동 오디너리킴스펍, 흥신흥왕, 한라토닉)"
수요미식회,서대문양꼬치,20170322,"2017. 3. 7. 16:29
	",[홍대맛집/양고기집] 서대문양꼬치
수요미식회,서대문양꼬치,20170322,"2017. 3. 23. 10:19
	","수요미식회(110회) 2017년 3월 22일 연남동 특집 바리티에 트리빠,나노하나 모츠나베,서대문양꼬치 사천매운전골"
수요미식회,서대문양꼬치,20170322,"2017. 3. 30. 2:26
	",수요미식회 서대문양꼬치
수요미식회,서대문양꼬치,20170322,"2017. 3. 2. 1:14
	",연남동 조지기 | 미즈컨테이너 에스프레소부티크 서대문양꼬치
수요미식회,서대문양꼬치,20170322,"2017. 3. 23. 4:00
	","수요미식회 연남동 맛집리스트 - 바라티에, 서대문양꼬치, 나노하나"
수요미식회,서대문양꼬치,20170322,"2017. 3. 22. 23:39
	","연남동 나노하나 대창전골, 바라티에 라구파스타, 서대문양꼬치 사천매운전골"
수요미식회,서대문양꼬치,20170322,"2017. 4. 9. 12:33
	",연남동 맛집 - 서대문양꼬치 : 연남동 중국음식추천 / 디저트 - 푸하하크림빵 / 홍대술집추천 - 전당
수요미식회,서대문양꼬치,20170322,2017. 3. 28. 13:56,연남동 서대문양꼬치
수요미식회,서대문양꼬치,20170322,"2017. 3. 23. 14:25
	",수요미식회 연남동! 나노하나 / 바라티에 / 서대문양꼬치
수요미식회,서대문양꼬치,20170322,2017. 3. 27. 20:02,연남동 서대문양꼬치 가봄
수요미식회,서대문양꼬치,20170322,"2017. 3. 23. 2:40
	",수요미식회 연남동 중국식 요리집 사천매운전골 ~ 서대문양꼬치 위치
수요미식회,서대문양꼬치,20170322,"2017. 4. 1. 15:16
	","[서울연남동] 서대문양꼬치(수요미식회맛집)_사천매운양고기전골, 가지볶음밥"
수요미식회,서대문양꼬치,20170322,2017. 3. 24. 4:41,"[170322 - TVN 수요미식회] 서대문양꼬치 / 서울특별시 마포구 연남동 맛집 <서울맛집, 마포맛집, 연남동맛집> / 중국식 요릿집 <양꼬치>"
수요미식회,서대문양꼬치,20170322,2017. 3. 24. 18:18,성시경의 단골 소주집 연남동 사천매운전골집 서대문양꼬치
수요미식회,서대문양꼬치,20170322,2017. 4. 15. 10:07,수요미식회 연남동 서대문양꼬치
수요미식회,서대문양꼬치,20170322,"2017. 3. 22. 20:00
	","수요미식회 연남동 서대문양꼬치 - 사천매운전골, 돼지고기가지요리"
수요미식회,서대문양꼬치,20170322,2017. 3. 22. 20:00,"수요미식회 연남동,서대문양꼬치 돼지고기가지요리,양고기전골."
수요미식회,서대문양꼬치,20170322,2017. 3. 26. 15:00,수요미식회. 서대문양꼬치
수요미식회,서대문양꼬치,20170322,2017. 3. 24. 20:41,홍대 경성양꼬치 맛있어요^^
수요미식회,서대문양꼬치,20170322,2017. 3. 22. 21:30,"[수요미식회 연남동 중국식 요리] 
서대문 양꼬치 양육관"
수요미식회,서대문양꼬치,20170322,"2017. 3. 26. 9:00
	",이것저것 여기저기 - ⑨
수요미식회,서대문양꼬치,20170322,"2017. 3. 2. 18:00
	",서대문형무소 견학기&통인시장 즐기기
수요미식회,서대문양꼬치,20170322,"2017. 3. 27. 0:19
	",#일상의 기록
수요미식회,서대문양꼬치,20170322,"2017. 4. 4. 14:24
	",먹방은 순탄
수요미식회,서대문양꼬치,20170322,"2017. 4. 20. 4:30
	",망원동 갑(여기가 갑 진짜)
수요미식회,서대문양꼬치,20170322,2017. 4. 7. 17:05,170322 tvN 수요미식회 110회 - 연남동
수요미식회,서대문양꼬치,20170322,2017. 3. 28. 17:39,연남동 중국집(양심후기) 라오찌에
수요미식회,서대문양꼬치,20170322,"2017. 3. 28. 22:20
	","지난 주 TV 맛집 2017.03.20~2017.03.26 / 백종원의3대천왕, 수요미식회"
수요미식회,서대문양꼬치,20170322,"2017. 4. 5. 23:42
	","홍대, 연남동 나들이"
수요미식회,서대문양꼬치,20170322,"2017. 3. 14. 11:42
	",[연남동] 등불 서양주점 - 소주파는 양식주점
수요미식회,서대문양꼬치,20170322,"2017. 4. 1. 4:00
	",연남동 기사식당 연남동 돼지구이백반
수요미식회,서대문양꼬치,20170322,"2017. 3. 29. 6:00
	","수요미식회 막걸리안주 한남동 강가네포차빈대떡 - 왕새우전, 녹두모듬전"
수요미식회,서대문양꼬치,20170322,2017. 3. 9. 13:06,3월입니다_01
수요미식회,서대문양꼬치,20170322,2017. 4. 11. 11:52,"4월 일상 ,"
수요미식회,서대문양꼬치,20170322,2017. 4. 6. 16:52,비오는 날 = 양고기전골
수요미식회,서대문양꼬치,20170322,"2017. 3. 23. 18:00
	",수요미식회 연남동특집 맛집리스트
수요미식회,서대문양꼬치,20170322,"2017. 3. 8. 1:35
	","2월 두번째 이야기, 엘리일상"
수요미식회,서대문양꼬치,20170322,2017. 3. 12. 21:48,이사전후 재미나게 놀았던 것들
수요미식회,서대문양꼬치,20170322,"2017. 3. 25. 23:49
	",서울 지하철 노선도 맛집 여행 꿀팁
수요미식회,서대문양꼬치,20170322,"2017. 4. 15. 4:44
	",3월의 일상
수요미식회,서대문양꼬치,20170322,"2017. 3. 26. 19:49
	",연남동맛집 & 동교동맛집♥
수요미식회,서대문양꼬치,20170322,2017. 4. 5. 23:01,수요미식회 110회 연남동 특집
수요미식회,서대문양꼬치,20170322,2017. 4. 6. 14:11,[수요미식회] 110회 연남동 미식가이드♡
수요미식회,서대문양꼬치,20170322,"2017. 2. 28. 12:23
	",먹부림
수요미식회,서대문양꼬치,20170322,"2017. 3. 23. 16:44
	",TvN 수요미식회 3월 22일 중국식 요릿집 사천매운전골과 돼지고기 가지요리
수요미식회,서대문양꼬치,20170322,"2017. 4. 13. 14:41
	",날씨가 오락가락 ㅠ.ㅠ
수요미식회,서대문양꼬치,20170322,"2017. 2. 20. 1:06
	","[맛, 보다] 02-막창 땡기는 날엔 충무로, 이모네 곱창"
수요미식회,서대문양꼬치,20170322,"2017. 4. 16. 9:46
	",4월 일상 :: 드디어 봄
수요미식회,서대문양꼬치,20170322,2017. 3. 2. 0:36,2017.2
수요미식회,서대문양꼬치,20170322,"2017. 2. 27. 20:58
	",봄이 다가오는 서울
수요미식회,서대문양꼬치,20170322,"2017. 4. 21. 1:32
	",3월의 밀린일기ㅠ /이사 엠디엠티 칭구들
수요미식회,서대문양꼬치,20170322,2017. 3. 18. 8:30,연남동 오뎅바 : 진구오뎅에서 2차
수요미식회,서대문양꼬치,20170322,"2017. 4. 8. 0:18
	",먹부림 :: 2016년 1/4분기
수요미식회,서대문양꼬치,20170322,2017. 4. 9. 8:56,수도권 지하철/전철 주변 먹거리 정리
수요미식회,서대문양꼬치,20170322,2017. 2. 28. 16:26,서울 지하철 각노선별 가볼만한곳과 지하철역 명소들.
수요미식회,서대문양꼬치,20170322,"2017. 4. 14. 9:49
	",영천시장맛집 메이탄 재방문 했어용~ 탕수육 & 칭따오 !!
수요미식회,서대문양꼬치,20170322,2017. 4. 4. 1:17,3월 기록
수요미식회,서대문양꼬치,20170322,"2017. 3. 25. 22:43
	",[신촌맛집추천] 철이네두루치기
수요미식회,서대문양꼬치,20170322,"2017. 3. 16. 9:33
	","[한식조리기능사] 지짐누름적, 두부젓국찌개, 북어구이"
수요미식회,서대문양꼬치,20170322,2017. 3. 22. 2:41,늦었지만 2016년 일상들!(스압)
수요미식회,서대문양꼬치,20170322,"2017. 4. 9. 23:25
	",2017년 2월의 일기
수요미식회,서대문양꼬치,20170322,2017. 3. 12. 17:19,그 산이 정말 거기 있었을까?
수요미식회,서대문양꼬치,20170322,2017. 3. 22. 22:15,수요미식회 연남동 특집 서대문양꼬치 - 칼칼 개운한 양고기전골과 돼지고기 가지요리가 너무 좋은 술집
수요미식회,서대문양꼬치,20170322,"2017. 3. 3. 14:19
	","고릿한 향을 먹는다, 양고기 전성시대"
수요미식회,서대문양꼬치,20170322,2017. 3. 3. 8:28,"고릿한 향을 먹는다, 양고기 전성시대"
수요미식회,백곰막걸리,20170322,"2017. 4. 2. 9:53
	",수요미식회막걸리#백곰막걸리#간재미찜
수요미식회,백곰막걸리,20170322,"2017. 3. 29. 11:30
	","수요미식회 막걸리 안주 신사동 백곰막걸리 - 간재미찜, 달고기 소금구이, 돼지고기 수육"
수요미식회,백곰막걸리,20170322,"2017. 4. 15. 7:10
	",압구정 술집 추천 [백곰막걸리&양조장] 수요미식회 출연 후 손님이 더 많아요
수요미식회,백곰막걸리,20170322,"2017. 4. 6. 19:36
	",압구정 로데오 막걸리 맛집 > 백곰 막걸리 & 양조장
수요미식회,백곰막걸리,20170322,2017. 3. 29. 14:47,수요미식회 막걸리 - 신사동 백곰막걸리 : 주당들의 천국이야~
수요미식회,백곰막걸리,20170322,2017. 2. 25. 10:51,압구정 술집 / 우리술  전통주 전문 주점 백곰 막걸리 & 양조장
수요미식회,백곰막걸리,20170322,"2017. 4. 21. 16:01
	",로데오 백곰막걸리 취한다잉~
수요미식회,백곰막걸리,20170322,2017. 3. 23. 12:04,압구정 도산공원 전통주전문집 백곰막걸리&양조장 
수요미식회,백곰막걸리,20170322,"2017. 3. 30. 9:18
	","수요미식회(111회) 2017년 3월 29일 막걸리안주 특집 용산 강가네빈대떡 녹두빈대떡/신사동 백곰막걸리 간재미찜,수육/여의도 남도마루 홍어삼합"
수요미식회,백곰막걸리,20170322,2017. 3. 24. 17:51,[압구정 맛집] 백곰막걸리 추천 메뉴 후기
수요미식회,백곰막걸리,20170322,"2017. 3. 29. 23:47
	",수요미식회 111회 막걸리 안주 강남맛집 백곰막걸리 영등포맛집 남도마루 용산맛집 강가네맷돌빈대떡
수요미식회,백곰막걸리,20170322,"2017. 4. 6. 21:18
	",압구정 로데오 카페#서프스업#묵전주변카페#백곰막걸리주변카페
수요미식회,백곰막걸리,20170322,"2017. 3. 29. 23:31
	","강가네포차빈대떡 녹두빈대떡, 백곰막걸리 간재미찜, 남도마루 홍어삼합"
수요미식회,백곰막걸리,20170322,"2017. 3. 29. 0:00
	","수요미식회 막걸리안주 압구정 백곰막걸리앤양조장 - 간재미찜, 달고기 소금구이, 돼지고기수육"
수요미식회,백곰막걸리,20170322,"2017. 4. 15. 0:56
	",[압구정] 백곰막걸리&양조장
수요미식회,백곰막걸리,20170322,"2017. 4. 19. 20:46
	",비단협 압구정 백곰막걸리님의 초대
수요미식회,백곰막걸리,20170322,"2017. 3. 7. 0:22
	",압구정 술집 / 백곰막걸리& 양조장
수요미식회,백곰막걸리,20170322,"2017. 3. 30. 11:40
	",수요미식회 막걸리안주 강가네맷돌빈대떡 / 백곰 막걸리&양조장 / 남도마루
수요미식회,백곰막걸리,20170322,2017. 3. 30. 0:18,수요미식회 맛집 백곰막걸리
수요미식회,백곰막걸리,20170322,2017. 3. 20. 9:52,"[압구정] 몽중헌 ,브릿지앤드 ,백곰막걸리"
수요미식회,백곰막걸리,20170322,"2017. 3. 30. 1:30
	",수요미식회 200종류 막걸리와 다양한 안주집 신사동 백곰막걸리 위치
수요미식회,백곰막걸리,20170322,2017. 3. 29. 21:54,"수요미식회! 프리미엄 막걸리와 꿀케미 백곰막걸리, 강가네 빈대떡"
수요미식회,백곰막걸리,20170322,2017. 3. 22. 8:30,백곰막걸리
수요미식회,백곰막걸리,20170322,2017. 3. 30. 14:31,"[170329 - TVN 수요미식회] 백곰막걸리&양조장 / 서울특별시 강남구 신사동 맛집 <서울맛집, 강남맛집, 신사동맛집> / 200여 종의 우리 술이 있는 <막걸리 안주 집>"
수요미식회,백곰막걸리,20170322,"2017. 3. 30. 4:00
	","수요미식회 막걸리안주 맛집리스트 - 강가네포차빈대떡, 남도마루, 백곰막걸리앤양조장"
수요미식회,백곰막걸리,20170322,"2017. 3. 29. 23:50
	",수요미식회 맛집 백곰막걸리
수요미식회,백곰막걸리,20170322,"2017. 3. 4. 12:00
	",압구정 막걸리 백곰막걸리&양조장
수요미식회,백곰막걸리,20170322,"2017. 4. 21. 14:38
	",압구정로데오거리  술집추천  백곰막걸리
수요미식회,백곰막걸리,20170322,"2017. 3. 29. 17:00
	",수요미식회 막걸리안주 압구정 백곰 막걸리 & 양조장~달고기 소금구이 연잎 가재미찜
수요미식회,백곰막걸리,20170322,2017. 3. 29. 21:10,"[수요미식회 막걸리안주 간재미찜, 돼지고기수육, 달고기소금구이 맛집 신사동 백곰막걸리]"
수요미식회,백곰막걸리,20170322,2017. 3. 30. 9:47,백곰 - 전국 술 체험기 1탄
수요미식회,백곰막걸리,20170322,2017. 4. 13. 16:53,170329 tvN 수요미식회 111회 - 막걸리 안주
수요미식회,백곰막걸리,20170322,2017. 4. 10. 11:57,"귀여운 캐릭터가 매력적인 막걸리, '술아' "
수요미식회,백곰막걸리,20170322,"2017. 3. 29. 8:50
	",수요미식회 막걸리 안주 / 새콤한 낙지초무침과 홍어삼합  by 여의도 남도마루
수요미식회,백곰막걸리,20170322,2017. 4. 3. 10:59,수요미식회 [막걸리&막걸리안주] 신사동 한국의 대표 술 '막걸리'를 찾아서 
수요미식회,백곰막걸리,20170322,"2017. 3. 30. 18:00
	",수요미식회 막걸리안주 특집
수요미식회,백곰막걸리,20170322,"2017. 3. 29. 14:07
	","韓잔의 술, 그리고(19-24)"
수요미식회,백곰막걸리,20170322,2017. 2. 20. 0:02,압구정로데오 골드피쉬 딤섬퀴진
수요미식회,백곰막걸리,20170322,"2017. 3. 30. 13:07
	",TVN 수요미식회 막걸리 막걸리 안주집
수요미식회,백곰막걸리,20170322,2017. 4. 12. 21:28,수요미식회 111회 막걸리 안주
수요미식회,백곰막걸리,20170322,"2017. 3. 16. 21:16
	",2017. 03. 08. ~ 16.
수요미식회,백곰막걸리,20170322,2017. 4. 5. 11:07,즐거운 밤나들이
수요미식회,백곰막걸리,20170322,"2017. 4. 3. 12:09
	",와인바#뱅가#이탈리안레스토랑#성수대교 남단자생당한의원주변맛집#와인리스트어워드6년수상#신사동와인바
수요미식회,백곰막걸리,20170322,"2017. 3. 28. 14:02
	","서울 가볼만한 곳 | 우리 술과 함께 걷는 서울 한 바퀴, 서울 전통주 여행"
수요미식회,백곰막걸리,20170322,2017. 3. 30. 22:36,한국 일상
수요미식회,백곰막걸리,20170322,"2017. 4. 7. 17:33
	",지난 주 TV 맛집ㅣ2017.03.27~04.02ㅣ백종원의 3대천왕 수요미식회
수요미식회,백곰막걸리,20170322,"2017. 3. 9. 15:08
	",[우술까] 도장 찍으러 ‘어디로 가야하죠? 아저씨~’
수요미식회,백곰막걸리,20170322,"2017. 4. 2. 18:29
	",귀국 후 적응해가는 일상
수요미식회,백곰막걸리,20170322,"2017. 4. 20. 13:00
	","올리브 푸드 페스티벌 - 2017년도 라인업, 시간, 가격정보 싹싹!"
수요미식회,백곰막걸리,20170322,2017. 4. 17. 21:49,2017년 봄 일상 먹방찍는 4월
수요미식회,백곰막걸리,20170322,2017. 4. 17. 8:00,[임신일기]봉봉이와 함께한 39주♡+산부인과 검진결과
수요미식회,백곰막걸리,20170322,"2017. 4. 10. 13:30
	",분당 미금역 맛집 :: 팥집 :: 분당에서 팥죽을 가장 잘하는 집 미금 금곡동 팥칼국수 팥빙수 팥맛집
수요미식회,나노하나,20170322,"2017. 3. 22. 22:10
	",3월일상:: #3 - 화이트데이/연남동 나노하나/한남동 잭슨피자/ 연하식당
수요미식회,나노하나,20170322,"2017. 3. 22. 12:11
	","수요미식회 연남동 나노하나 - 모츠나베(대창전골), 옥돔구이, 모듬튀김"
수요미식회,나노하나,20170322,2017. 3. 22. 12:00,수요미식회 연남동 - 나노하나 :모츠나베는 사랑이야
수요미식회,나노하나,20170322,"2017. 3. 22. 19:21
	",수요미식회 맛집#수요미식회대창전골 맛집#나노하나#연남동맛집#모츠나베
수요미식회,나노하나,20170322,"2017. 4. 2. 0:25
	","연남동 나노하나, 바닐라키친"
수요미식회,나노하나,20170322,"2017. 3. 22. 15:00
	",연남동 나노하나 수요미식회 모츠나베 엄지척
수요미식회,나노하나,20170322,"2017. 3. 23. 10:31
	",수요미식회 연남동 연트럴파크  일본식곱창전골 나노하나
수요미식회,나노하나,20170322,"2017. 4. 12. 8:25
	",#수요미식회맛집 #연남동맛집 #나노하나
수요미식회,나노하나,20170322,"2017. 3. 22. 6:10
	","수요미식회 연남동 나노하나 - 모츠나베, 옥돔구이, 모듬튀김"
수요미식회,나노하나,20170322,"2017. 4. 18. 22:19
	",연남동 술집 / 수요미식회 대창전골 맛집 :: 나노하나
수요미식회,나노하나,20170322,2017. 4. 12. 13:22,[연남동] 나노하나 이자카야 (수요미식회 연남동)
수요미식회,나노하나,20170322,2017. 4. 7. 15:31,[연남동] 툭툭누들타이 / 이자카야 나노하나
수요미식회,나노하나,20170322,"2017. 4. 9. 18:00
	",연남동투어 사르르/ 수요미식회 대창전골 맛집 연남동 나노하나/청춘소년
수요미식회,나노하나,20170322,"2017. 3. 21. 20:15
	","수요미식회 연남동 특집 - 모츠나베 ""나노하나"""
수요미식회,나노하나,20170322,"2017. 4. 9. 20:38
	","연남동 술집, 나노하나"
수요미식회,나노하나,20170322,"2017. 2. 24. 14:52
	","* 연남동 데이트 투어 :) 이자카야 '나노하나' 에서 대방어 냠냠, 타이완 푸드 '리틀 타이완'에서 지파이 냠냠!"
수요미식회,나노하나,20170322,"2017. 3. 22. 11:40
	","(연트럴파크 맛집)[나노하나] 수요미식회 연남동 일본식 곱창전골, 모츠나베 이자카야"
수요미식회,나노하나,20170322,2017. 4. 12. 8:40,[연남동 술집]수요미식회 나노하나 모츠나베
수요미식회,나노하나,20170322,"2017. 4. 5. 18:39
	",연남동 [나노하나]
수요미식회,나노하나,20170322,"2017. 3. 1. 4:39
	",[홍대/연남동] 연남동 분위기있는 이자카야 나노하나
수요미식회,나노하나,20170322,2017. 3. 8. 10:11,[연남동] 나노하나 이자카야
수요미식회,나노하나,20170322,2017. 4. 16. 18:16,"홍대 데이트:) 카페 카페얌, 이자카야 나노하나, 효봉포차"
수요미식회,나노하나,20170322,2017. 2. 24. 12:42,연남동 맛집- 연남동 나노하나
수요미식회,나노하나,20170322,"2017. 4. 19. 12:06
	",수요미식회연남동 대창전골[나노하나 모츠나베]
수요미식회,나노하나,20170322,"2017. 3. 29. 14:30
	","연남동 나노하나(수요미식회 방송후) 대기예약,향미 우육탕면"
수요미식회,나노하나,20170322,"2017. 3. 22. 6:00
	","수요미식회 연남동 나노하나 - 모듬튀김, 옥돔구이, 모츠나베"
수요미식회,나노하나,20170322,"2017. 3. 23. 10:19
	","수요미식회(110회) 2017년 3월 22일 연남동 특집 바리티에 트리빠,나노하나 모츠나베,서대문양꼬치 사천매운전골"
수요미식회,나노하나,20170322,2017. 4. 10. 14:35,"일본여행 선물, 한정판 유채꽃 도쿄바나나 나노하나 넘 예뻐요 ♡"
수요미식회,나노하나,20170322,"2017. 3. 22. 23:39
	","연남동 나노하나 대창전골, 바라티에 라구파스타, 서대문양꼬치 사천매운전골"
수요미식회,나노하나,20170322,"2017. 4. 19. 8:48
	",[HAIKYU!!/하이큐] 아카아시 케이지 - 나노하나 카라시아에(菜の花辛し和え) / 유채 겨자무침
수요미식회,나노하나,20170322,"2017. 2. 26. 16:13
	","연남동 술집 투어, 나노하나/노러쉬"
수요미식회,나노하나,20170322,2017. 3. 23. 6:30,"[수요미식회] 110회 연남동 맛집 _ 모듬 튀김, 옥돔구이, 일본식 곱창전골  '나노하나' ( 메뉴, 가격, 위치, 영업시간) 2017년 3월 22일 방영"
수요미식회,나노하나,20170322,2017. 4. 18. 8:28,"[연남동/연희동] 일본식 대창전골, 나노하나"
수요미식회,나노하나,20170322,"2017. 3. 31. 21:27
	",[홍대/이자카야] 홍대 나노하나 이자카야 추천 맛집
수요미식회,나노하나,20170322,2017. 3. 22. 22:51,연남 나노하나
수요미식회,나노하나,20170322,"2017. 3. 23. 14:25
	",수요미식회 연남동! 나노하나 / 바라티에 / 서대문양꼬치
수요미식회,나노하나,20170322,"2017. 3. 23. 4:00
	","수요미식회 연남동 맛집리스트 - 바라티에, 서대문양꼬치, 나노하나"
수요미식회,나노하나,20170322,"2017. 3. 22. 22:55
	",#나노하나@#연남동#수요미식회 맛집
수요미식회,나노하나,20170322,"2017. 4. 12. 0:19
	",연남동 나노하나 코르크
수요미식회,나노하나,20170322,"2017. 3. 23. 0:41
	",수요미식회 연남동 대창전골 모둠튀김 ~ 나노하나 위치
수요미식회,나노하나,20170322,2017. 3. 22. 22:16,"수요미식회! 술이 들어간다 쭉!쭉!쭉! 연남동 대창전골 ""나노하나"""
수요미식회,나노하나,20170322,"2017. 4. 3. 14:09
	",도쿄바나나 한정판 <도쿄바나나노하나>
수요미식회,나노하나,20170322,2017. 3. 24. 4:37,"[170322 - TVN 수요미식회] 나노하나 / 서울특별시 마포구 연남동 맛집 <서울맛집, 마포맛집, 연남동맛집> / 대창전골, 모둠튀김 <일본식 대창전골 모츠나베>"
수요미식회,나노하나,20170322,2017. 3. 14. 9:32,[연남동] 나노하나 : 이자카야
수요미식회,나노하나,20170322,"2017. 3. 21. 20:30
	","수요미식회 연남동 나노하나 모츠나베(대창전골), 옥돔구이."
수요미식회,나노하나,20170322,2017. 3. 22. 0:00,"수요미식회 연남동, 나노하나. 깔끔,담백한 모츠나베."
수요미식회,나노하나,20170322,"2017. 3. 29. 1:09
	",연남_나노하나
수요미식회,나노하나,20170322,"2017. 2. 25. 21:37
	",[홍대연남동맛집]나노하나 이자카야
수요미식회,나노하나,20170322,2017. 4. 9. 21:59,오버워치 나노하나 에임 분석 
수요미식회,나노하나,20170322,"2017. 3. 21. 10:20
	",연남동 이자까야 나노하나~ 일본식 대창전골 모츠나베 & 사쿠사쿠 옥돔구이
수요미식회,나노하나,20170322,2017. 3. 22. 22:20,"수요미식회 연남동편 일식집, 나노하나."
수요미식회,나노하나,20170322,2017. 4. 15. 13:12,"펜션 나노하나 (Pension Nanohana)  12-3 Kagana, Tateyama-shi, 다테야마 , 치바, 일본, 294-0306 - 숙소 위치 확인"
수요미식회,나노하나,20170322,2017. 3. 22. 21:20,"[수요미식회 연남동 특집]
일본식 곱창전골(모츠나베), 모둠튀김, 옥돔구이 맛집 나노하나"
수요미식회,나노하나,20170322,2017. 3. 11. 0:00,"[교토] 마루타마치, [마루타마치쥬니단야 丸太町十二段家] - 낮에도 밤에도 맛난 오차즈케"
수요미식회,나노하나,20170322,2017. 3. 5. 21:17,(가라쓰) 가와시마 두부점 : 아게도후가 너무나 맛낫던 전통의 두부요리점
수요미식회,나노하나,20170322,2017. 3. 1. 11:16,(교토) 하시다테
수요미식회,나노하나,20170322,2017. 3. 13. 10:52,유채꽃 요리
수요미식회,나노하나,20170322,2017. 2. 25. 22:52,돌아온 삼차신경통 (이브스키에서) 2017.01.28 토
수요미식회,나노하나,20170322,2017. 2. 23. 17:30,(가나자와) 제니야
수요미식회,나노하나,20170322,"2017. 3. 5. 15:57
	","[일본/동경]동경회사원의 일주일생활 2/2 (3/10금저녁, 서울번개모임안내)"
수요미식회,나노하나,20170322,"2017. 2. 26. 14:45
	",[원피스 트레저 크루즈] 새 봄을 맞아 새 출항하는 해적! 이벤트! 2/28-3/13
수요미식회,나노하나,20170322,2017. 4. 12. 19:53,-
수요미식회,나노하나,20170322,2017. 3. 25. 22:54,"디데이, 사이타마 도착!"
수요미식회,나노하나,20170322,2017. 3. 12. 20:24,(후쿠오카 하루요시) 지팡구 : 합리적인 가격에 계절감 넘치는 가이세키를 먹을 수 있는 곳
수요미식회,나노하나,20170322,2017. 3. 12. 2:00,[도쿄맛집]메구로(目黒)/갓포 이자카야 ☆와소우사쿠 타(和創作 太)
수요미식회,나노하나,20170322,"2017. 4. 3. 12:46
	",봄나물무침...
수요미식회,나노하나,20170322,"2017. 3. 27. 0:19
	",#일상의 기록
수요미식회,나노하나,20170322,"2017. 3. 31. 11:10
	",[2017년 3월] 일본 요리수업
수요미식회,나노하나,20170322,2017. 4. 21. 19:11,[나노하] 페이트와 프레시아
수요미식회,나노하나,20170322,"2017. 3. 31. 11:35
	",*오랜 단골 홍대 숙성횟집 @와우끝집 :) 잘 숙성된 광어 참돔 농어 연어 숙성회의 감칠맛!!
수요미식회,나노하나,20170322,"2017. 3. 27. 9:25
	",사랑하는 사람을위한 밥상.....사랑하는 살림살이....
수요미식회,나노하나,20170322,"2017. 4. 6. 17:44
	",봄맛
수요미식회,나노하나,20170322,2017. 3. 31. 19:07,1 x 1 일상 by 얄다 (일상은 거들뿐)
수요미식회,나노하나,20170322,"2017. 3. 5. 10:35
	",[20170305] 2017.03 #1
수요미식회,나노하나,20170322,"2017. 4. 6. 18:00
	",[공지] 홍대 이자카야 톱 10 <폭탄뉴스 선정>
수요미식회,나노하나,20170322,2017. 2. 26. 12:58,2월 일상 - 술로 시작해 술로 끝난 일주일
수요미식회,나노하나,20170322,2017. 3. 20. 22:00,나카이 마사히로 온앤온에어 - <카오츠키> 
수요미식회,나노하나,20170322,"2017. 3. 15. 23:02
	","[도쿄 맛집] 인생스시 @ 에비스 맛집, 스시 하야카와(鮨早川)"
수요미식회,나노하나,20170322,2017. 4. 2. 1:21,藤原 啓治 (후지와라 케이지)
수요미식회,나노하나,20170322,2017. 4. 19. 16:32,"[연남 연남동 / 저녁 안주] 별양꾼 - 모쯔나베, 모듬한판(막창, 대창, 목살) 그것을 즐기며 위꼴을 경험하다."
수요미식회,나노하나,20170322,2017. 4. 7. 17:05,170322 tvN 수요미식회 110회 - 연남동
수요미식회,나노하나,20170322,2017. 4. 9. 0:01,170406 일기
수요미식회,나노하나,20170322,"2017. 4. 20. 11:31
	",오버워치 프로선수 장비소개 1 :콩두 판테라 딜러 라스칼
수요미식회,나노하나,20170322,"2017. 4. 14. 4:00
	",수요미식회 된장 경복궁 대복집 - 된장찌개
수요미식회,나노하나,20170322,"2017. 3. 21. 15:10
	","[연남동] 심야식당. 하스-하이볼, 나베, 아히죠(감바스), 쯔꾸네"
수요미식회,나노하나,20170322,2017. 3. 9. 17:32,[원트크/원피스 트레저 크루즈]출항 21~23일 차
수요미식회,나노하나,20170322,"2017. 3. 3. 22:40
	",3월 2일 꽃꽂이
수요미식회,나노하나,20170322,"2017. 4. 1. 4:00
	",연남동 기사식당 연남동 돼지구이백반
수요미식회,나노하나,20170322,"2017. 4. 8. 23:20
	",[일본 생활 D+733] 벚꽃과 유채꽃이 어우러진 곤겐도 공원
수요미식회,나노하나,20170322,2017. 4. 5. 11:03,수요미식회 [대창전골 / 모듬튀김] 일본식 대창전골 모츠나베와 깔끔한 일본식 모듬튀김! 
수요미식회,나노하나,20170322,2017. 3. 23. 11:56,수요미식회 110회 연남동 맛집 나노하나와 바라티에
수요미식회,나노하나,20170322,"2017. 4. 5. 4:00
	","수요미식회 된장 신사동 개화옥 - 된장국수, 불고기"
수요미식회,나노하나,20170322,"2017. 3. 27. 9:44
	",수목금퇼.
수요미식회,나노하나,20170322,"2017. 4. 19. 22:54
	",일기 : 나는 지금
수요미식회,나노하나,20170322,"2017. 3. 1. 23:25
	",<원피스 트레저 크루즈>새봄을 맞아 새 출항하는 해적 이벤트
수요미식회,나노하나,20170322,"2017. 3. 23. 18:00
	",수요미식회 연남동특집 맛집리스트
수요미식회,나노하나,20170322,2017. 3. 14. 23:03,오버워치apex 시즌2 8강 b조
수요미식회,나노하나,20170322,2017. 2. 28. 17:09,[원트크/원피스 트레저 크루즈]출항 14일 차
수요미식회,나노하나,20170322,2017. 3. 28. 11:54,일본어 꽃이름 정리(한자 히라가나 한글)
수요미식회,나노하나,20170322,"2017. 2. 26. 20:08
	",유후인 료칸 추천 - 모쿠렌 후기 ♪
수요미식회,나노하나,20170322,"2017. 3. 28. 22:20
	","지난 주 TV 맛집 2017.03.20~2017.03.26 / 백종원의3대천왕, 수요미식회"
수요미식회,나노하나,20170322,2017. 3. 26. 21:11,"오버워치 apex 시즌2, 러너웨이, LW BLUE 4강 다시보기, 오버워치 apex 시즌2 결승 소개"
수요미식회,나노하나,20170322,2017. 3. 29. 2:05,먹고마시고
수요미식회,나노하나,20170322,2017. 3. 27. 17:51,"[17.03.25] 연남동 '르미엘', 홍대 '36.5도 여름'"
수요미식회,나노하나,20170322,"2017. 3. 22. 16:40
	","(연남동 맛집)[바라티에] 수요미식회 연남동 해상 선술집, 소주 안주로 파스타"
수요미식회,나노하나,20170322,"2017. 4. 21. 16:00
	",연남동술집 이층다락방에서 간단히 3차
수요미식회,나노하나,20170322,2017. 2. 22. 3:49,경쟁전 2등자리를 놓고 벌어지는 멸망전
수요미식회,나노하나,20170322,"2017. 4. 3. 1:01
	","제6차 일본 여행 - 160308-0323, 전국, 열차 종주 : (1) 하카타-가고시마추오-마쿠라자키"
수요미식회,나노하나,20170322,"2017. 4. 21. 19:02
	",도쿄워홀172일차 / 히로시마 여행1편(4.18-20)
수요미식회,나노하나,20170322,2017. 4. 13. 17:04,연남동 이자카야 추천과 사담
수요미식회,나노하나,20170322,"2017. 3. 23. 15:28
	","TvN 수요미식회 3월 22일 대창전골과 모둠튀김 , 옥돔구이"
수요미식회,나노하나,20170322,2017. 2. 27. 11:15,[3월4일국내입고] 일본과자★코로로구미딸기/긴자레몬케이크/한정판도쿄바나나/카스테라/도쿄러스크/사쿠라히토히라/푸딩/로이스초콜릿/도쿄캄파넬라/베른밀푀유/시로이코이비토/히요코/고마다마고/도쿄밀크치즈팩토리/파블로치즈케잌/유바리메론/민티아/장미캔디
수요미식회,나노하나,20170322,"2017. 4. 2. 10:53
	",연남동 카페 브론시스 후기
수요미식회,나노하나,20170322,2017. 3. 6. 16:52,[원트크/원피스 트레저 크루즈]출항 19일 차
수요미식회,나노하나,20170322,"2017. 3. 26. 1:22
	",벌써 3월말.. *일상
수요미식회,나노하나,20170322,2017. 3. 6. 14:15,[원트크/원피스 트레저 크루즈]출항 16~18일 차
수요미식회,나노하나,20170322,2017. 4. 11. 14:39,[서울시 모텔임대] 서울 모텔임대/성북구 모텔임대/무권리 모텔임대/독점 모텔
수요미식회,나노하나,20170322,"2017. 4. 17. 3:22
	",계탄집
수요미식회,나노하나,20170322,2017. 4. 5. 23:01,수요미식회 110회 연남동 특집
수요미식회,나노하나,20170322,2017. 3. 14. 23:46,3/14 콩두 판테라 vs lw 블루 빅꿀잼슈퍼명경기!!!!! 간단한 해설+경기 하이라이트 정리
수요미식회,나노하나,20170322,2017. 3. 29. 0:00,[성우 캐스팅 & 애니 리뷰] 이 멋진 세계에 축복을! 2기
수요미식회,나노하나,20170322,2017. 3. 14. 23:01,오늘 개 꿀잼이네ㅋㅋㅋㅋㅋㅋㅋㅋㅋㅋㅋㅋㅋㅋ
수요미식회,바라티에,20170322,2017. 3. 22. 9:34,수요미식회 연남동 - 바라티에 : 2% 부족하지만 괜찮았던 트리빠와 라구파스타
수요미식회,바라티에,20170322,"2017. 3. 21. 23:21
	","수요미식회 연남동 바라티에 - 트리빠, 라구파스타"
수요미식회,바라티에,20170322,"2017. 3. 22. 20:39
	","OOTD :: 17-03-18 (브랑쿠시 더티커피, 테일러커피, 연남동 바라티에, 드링크스캔코드 etc …)"
수요미식회,바라티에,20170322,"2017. 3. 22. 8:50
	","수요미식회 연남동 바라티에 - 파스타를 소주와, 아쿠아 파짜, 트리빠, 봉골레"
수요미식회,바라티에,20170322,"2017. 3. 22. 16:40
	","(연남동 맛집)[바라티에] 수요미식회 연남동 해상 선술집, 소주 안주로 파스타"
수요미식회,바라티에,20170322,"2017. 3. 30. 11:31
	",연남 술집 / 바라티에(BARATIE) / 수요미식회 연남동편
수요미식회,바라티에,20170322,"2017. 3. 16. 16:31
	",#3. 연남동 왕립객실 / 바라티에 / 엔젤스쉐어 : 한 골목에서 하룻밤에 일어난 일들
수요미식회,바라티에,20170322,2017. 4. 21. 11:38,[연남동 맛집] 소주 안주로 파스타를?! 수요미식회 맛집 바라티에
수요미식회,바라티에,20170322,"2017. 3. 29. 21:58
	",수요미식회 연남동 바라티에 라구 파스타 집에서 만들어 먹기
수요미식회,바라티에,20170322,"2017. 4. 20. 18:39
	",수요미식회 연남동맛집 '바라티에' 난 별로...
수요미식회,바라티에,20170322,"2017. 3. 22. 22:15
	","수요미식회 연남동 특집 - 파스타와 소주 ""바라티에"""
수요미식회,바라티에,20170322,"2017. 2. 24. 2:58
	",파스타엔 소주지! 연남동 오스테리아 바라티에
수요미식회,바라티에,20170322,"2017. 3. 29. 21:08
	",파스타엔 소주! 수요미식회에 소개된  연남동 오스테리아 바라티에
수요미식회,바라티에,20170322,"2017. 4. 4. 9:00
	",남편이 만들어 준 연남동 바라티에 라구파스타 ~♥
수요미식회,바라티에,20170322,"2017. 4. 17. 2:09
	",+ day 연남동데이트/카페아상/바라티에/연남닭발
수요미식회,바라티에,20170322,"2017. 3. 3. 9:09
	","[서울/마포구/동교동:홍대입구역] 20170216, 바라티에"
수요미식회,바라티에,20170322,"2017. 3. 31. 12:38
	","[연남동/바라티에]파스타,그리고 소주"
수요미식회,바라티에,20170322,"2017. 3. 27. 13:11
	","연남동 맛집 수요미식회 바라티에 가서 라구파스타, 트리빠 먹고왔어요!"
수요미식회,바라티에,20170322,"2017. 3. 26. 16:38
	",(연남동술집)바라티에_수요미식회 연남동 편에 나온 안주 맛난 술집.
수요미식회,바라티에,20170322,"2017. 4. 19. 0:58
	",[연남동]바라티에/노러쉬/앤젤스쉐어/드래곤만두
수요미식회,바라티에,20170322,2017. 4. 20. 17:40,"[서울맛집★연남동] 소주와 파스타를 함께 만나볼 수 있는 곳, 오스테리아 바라티에(OSTERA BARATIE)"
수요미식회,바라티에,20170322,2017. 3. 10. 17:49,"인천 영종도 네스트호텔, 연남동 파스타 맛집 : 바라티에, 빌라더다이닝, 연남동 까페 : 어쩌다가게 "
수요미식회,바라티에,20170322,"2017. 3. 23. 4:00
	","수요미식회 연남동 맛집리스트 - 바라티에, 서대문양꼬치, 나노하나"
수요미식회,바라티에,20170322,2017. 3. 16. 21:16,[연남동] 바라티에/Baratie/마포/연남동/숨은맛집/ 곧 수요미식회 촬영 올 맛집 :)
수요미식회,바라티에,20170322,"2017. 3. 27. 11:11
	",#11. 연남동 비노라르고 / 바라티에 / 코코브루니 : 몰랐던 보석같은 곳들
수요미식회,바라티에,20170322,"2017. 3. 22. 23:39
	","연남동 나노하나 대창전골, 바라티에 라구파스타, 서대문양꼬치 사천매운전골"
수요미식회,바라티에,20170322,2017. 3. 8. 21:29,"상수동 챠오, 연남동 바라티에, 벌스가든"
수요미식회,바라티에,20170322,"2017. 3. 23. 14:25
	",수요미식회 연남동! 나노하나 / 바라티에 / 서대문양꼬치
수요미식회,바라티에,20170322,"2017. 3. 23. 1:40
	",수요미식회 연남동 이탈리안 선술집 ~ 바라티에 위치
수요미식회,바라티에,20170322,2017. 3. 23. 11:56,수요미식회 110회 연남동 맛집 나노하나와 바라티에
수요미식회,바라티에,20170322,2017. 3. 22. 22:33,"수요미식회! 연남동 파스타에 소주를 곁들이는 이탈리안 선술집 ""바라티에"""
수요미식회,바라티에,20170322,2017. 3. 24. 4:39,"[170322 - TVN 수요미식회] 바라티에 / 서울특별시 마포구 동교동 맛집 <서울맛집, 마포맛집, 동교동맛집> / 파스타에 소주를 곁들이는 <이탈리안 선술집>"
수요미식회,바라티에,20170322,"2017. 3. 22. 0:00
	","수요미식회 연남동 바라티에 - 트리빠, 봉골레"
수요미식회,바라티에,20170322,"2017. 3. 22. 7:00
	",수요미식회 연남동 바라티에~ 소주마시는 파스타 선술집 뜨리빠 & 라구파스타
수요미식회,바라티에,20170322,2017. 3. 22. 21:30,"[수요미식회 연남동 특집] 
소주와 함께하는 파스타 맛집 바라티에"
수요미식회,바라티에,20170322,2017. 3. 17. 5:39,[자막] 원피스 23화 - 지켜라 바라티에! 대해적 붉은 발의 제프 
수요미식회,바라티에,20170322,"2017. 4. 6. 11:49
	","이태원 단골집, 선셋비치 ❣"
수요미식회,바라티에,20170322,"2017. 4. 5. 22:25
	",[일본여행] 4박 5일 도쿄·근교 여행기 prologue : 사전준비
수요미식회,바라티에,20170322,"2017. 3. 22. 12:11
	","수요미식회 연남동 나노하나 - 모츠나베(대창전골), 옥돔구이, 모듬튀김"
수요미식회,바라티에,20170322,2017. 2. 22. 3:34,[조로산] 살아갈 이유
수요미식회,바라티에,20170322,"2017. 3. 17. 7:00
	",[연남동] 규자카야 모토 - 푸드TV 촬영기
수요미식회,바라티에,20170322,"2017. 3. 8. 23:42
	","일본 도쿄 : 요요기( 카멜백, 365日, 탄보 ), 요츠야( 후르츠파라후쿠나가 ), 신주쿠( 블루보틀커피 ),다이칸야마( 헨리스버거 ), 하라주쿠 쇼핑, 시모키타자와( 히로키 )"
수요미식회,바라티에,20170322,"2017. 2. 28. 22:11
	",[도쿄여행] 일상과 여행 사이 6cm
수요미식회,바라티에,20170322,"2017. 4. 12. 17:13
	",대전 속초 그리고 봄
수요미식회,바라티에,20170322,"2017. 3. 2. 6:16
	",마지막 이야기
수요미식회,바라티에,20170322,"2017. 2. 23. 10:50
	",(っ˘зʕ•̫͡•ʔcнϋෆ*
수요미식회,바라티에,20170322,"2017. 3. 27. 0:19
	",#일상의 기록
수요미식회,바라티에,20170322,"2017. 3. 23. 10:19
	","수요미식회(110회) 2017년 3월 22일 연남동 특집 바리티에 트리빠,나노하나 모츠나베,서대문양꼬치 사천매운전골"
수요미식회,바라티에,20170322,"2017. 4. 8. 22:26
	","주말 벚꽃그리고연남동거리[연남테라스,브루마블커피]"
수요미식회,바라티에,20170322,2017. 3. 16. 23:46,[조로산] 첫 고백 (부제:이어지는 태양길)
수요미식회,바라티에,20170322,"2017. 3. 26. 3:25
	",[BANDAI]BARATIE SHIP
수요미식회,바라티에,20170322,2017. 3. 21. 17:39,Bon Appétit 63
수요미식회,바라티에,20170322,"2017. 4. 12. 8:46
	",2017 삼월
수요미식회,바라티에,20170322,2017. 3. 13. 16:36,Bon Appétit 62
수요미식회,바라티에,20170322,"2017. 3. 2. 10:19
	",(rinbyrin) 꽉찬 알찬 사진일기
수요미식회,바라티에,20170322,2017. 3. 2. 13:11,Cafe de ONE PIECE 3월 #한정 신상품 안내
수요미식회,바라티에,20170322,2017. 4. 7. 17:05,170322 tvN 수요미식회 110회 - 연남동
수요미식회,바라티에,20170322,"2017. 3. 23. 10:48
	",#13. 로칸다몽로 / 랑빠스81: 달리는 수요일
수요미식회,바라티에,20170322,"2017. 3. 28. 22:20
	","지난 주 TV 맛집 2017.03.20~2017.03.26 / 백종원의3대천왕, 수요미식회"
수요미식회,바라티에,20170322,"2017. 3. 11. 10:45
	",원피스 배 피규어 깜찍이들 *_*
수요미식회,바라티에,20170322,"2017. 3. 3. 12:48
	","[서울/마포구/동교동:홍대입구역] 20170216, 연남슈퍼"
수요미식회,바라티에,20170322,2017. 4. 1. 22:50,연남동 일기
수요미식회,바라티에,20170322,2017. 4. 20. 23:04,이스트블루(1~61화)
수요미식회,바라티에,20170322,"2017. 4. 1. 2:09
	",도쿄여행 - 3day (20) 시부야 마루이 ① - 원피스 스토어
수요미식회,바라티에,20170322,2017. 3. 27. 14:10,2014.07.04~2014.07.06 첫 도쿄 여행 첫 일본 여행 둘째 날
수요미식회,바라티에,20170322,2017. 3. 24. 9:29,해골 디자인 & 일러스트 (시각 디자인)
수요미식회,바라티에,20170322,2017. 4. 16. 3:14,원피스 화별 정리 1화~324화
수요미식회,바라티에,20170322,"2017. 2. 25. 14:38
	",Happy Birthday to mee- 02/24
수요미식회,바라티에,20170322,"2017. 3. 26. 1:22
	",벌써 3월말.. *일상
수요미식회,바라티에,20170322,2017. 4. 14. 8:31,"16마르잔, 연남동"
수요미식회,바라티에,20170322,"2017. 3. 23. 18:00
	",수요미식회 연남동특집 맛집리스트
수요미식회,바라티에,20170322,2017. 3. 22. 20:00,"수요미식회 연남동,서대문양꼬치 돼지고기가지요리,양고기전골."
수요미식회,바라티에,20170322,"2017. 3. 26. 19:49
	",연남동맛집 & 동교동맛집♥
수요미식회,바라티에,20170322,2017. 4. 5. 23:01,수요미식회 110회 연남동 특집
수요미식회,바라티에,20170322,"2017. 3. 23. 15:58
	",TvN 수요미식회 3월 22일 파스타에 소주를 곁들이는 이탈리안 선술집(라구 파스타와 트리빠)
수요미식회,바라티에,20170322,"2017. 2. 23. 20:04
	",도쿄 자유여행 #2. 강력추천! 도쿄 원피스타워X상디 레스토랑
수요미식회,바라티에,20170322,2017. 4. 6. 14:11,[수요미식회] 110회 연남동 미식가이드♡
수요미식회,바라티에,20170322,2017. 3. 21. 23:54,수요미식회 연남동 특집 바라티에 - 트리빠와 라구 파스타가 무난했던 소소한 술집
수요미식회,바라티에,20170322,2017. 3. 11. 3:43,"일상 27 / 홍대 쌀국수맛집 리틀파파포 / 합정 카페 비포그레이 / 연남동 맛집 바라티에, 삼국지 / 합정 필라테스 메르시바디"
수요미식회,바라티에,20170322,2017. 4. 2. 0:42,일상 31 / 홍대정문 카페 fabrica / 연희동 카페 크림필즈 / 한남동 맛집 우육미엔 / 수요미식회 연남동맛집 바라티에 / 오가니카 클렌즈주스
수요미식회,바라티에,20170322,2017. 3. 6. 0:52,일상 기록